./org/jfree/chart/ChartFactory.java, org.jfree.chart, ChartFactory, 108, 1870
./org/jfree/chart/axis/ValueAxis.java, org.jfree.chart.axis, ValueAxis, 118, 1523
./org/jfree/chart/axis/Axis.java, org.jfree.chart.axis, Axis, 146, 1536
./org/jfree/chart/plot/Plot.java, org.jfree.chart.plot, Plot, 208, 1319
./org/jfree/chart/renderer/xy/AbstractXYItemRenderer.java, org.jfree.chart.renderer.xy, AbstractXYItemRenderer, 73, 1524
./org/jfree/chart/plot/CategoryPlot.java, org.jfree.chart.plot, CategoryPlot, 92, 4523
./org/jfree/chart/plot/XYPlot.java, org.jfree.chart.plot, XYPlot, 110, 4981
./org/jfree/chart/JFreeChart.java, org.jfree.chart, JFreeChart, 634, 1504
